[{"model": "admin.logentry", "pk": 1, "fields": {"action_time": "2021-10-17T17:11:12.233Z", "user": 1, "content_type": 7, "object_id": "1", "object_repr": "anacondamaa.example.com", "action_flag": 2, "change_message": "[{\"changed\": {\"fields\": [\"Domain name\", \"Display name\"]}}]"}}, {"model": "admin.logentry", "pk": 2, "fields": {"action_time": "2021-10-17T17:26:17.248Z", "user": 1, "content_type": 8, "object_id": "2", "object_repr": "lukaszpasich@protonmail.com", "action_flag": 1, "change_message": "[{\"added\": {}}]"}}, {"model": "admin.logentry", "pk": 3, "fields": {"action_time": "2021-10-24T12:29:07.035Z", "user": 1, "content_type": 13, "object_id": "1", "object_repr": "Choose One", "action_flag": 1, "change_message": "[{\"added\": {}}]"}}, {"model": "admin.logentry", "pk": 4, "fields": {"action_time": "2021-10-24T12:29:29.278Z", "user": 1, "content_type": 13, "object_id": "1", "object_repr": "Choose One", "action_flag": 2, "change_message": "[]"}}, {"model": "admin.logentry", "pk": 5, "fields": {"action_time": "2021-10-24T12:29:54.046Z", "user": 1, "content_type": 13, "object_id": "2", "object_repr": "Choose One", "action_flag": 1, "change_message": "[{\"added\": {}}]"}}, {"model": "admin.logentry", "pk": 6, "fields": {"action_time": "2021-10-24T12:30:50.830Z", "user": 1, "content_type": 13, "object_id": "3", "object_repr": "Unlimited", "action_flag": 1, "change_message": "[{\"added\": {}}]"}}, {"model": "admin.logentry", "pk": 7, "fields": {"action_time": "2021-10-25T11:15:20.922Z", "user": 1, "content_type": 13, "object_id": "3", "object_repr": "Unlimited", "action_flag": 2, "change_message": "[{\"changed\": {\"fields\": [\"All classes\"]}}]"}}, {"model": "admin.logentry", "pk": 8, "fields": {"action_time": "2021-10-25T11:15:37.576Z", "user": 1, "content_type": 13, "object_id": "3", "object_repr": "Unlimited", "action_flag": 2, "change_message": "[]"}}, {"model": "admin.logentry", "pk": 9, "fields": {"action_time": "2021-10-25T11:15:46.822Z", "user": 1, "content_type": 13, "object_id": "1", "object_repr": "Choose One", "action_flag": 2, "change_message": "[]"}}, {"model": "admin.logentry", "pk": 10, "fields": {"action_time": "2021-10-25T11:16:39.691Z", "user": 1, "content_type": 14, "object_id": "1", "object_repr": "box", "action_flag": 1, "change_message": "[{\"added\": {}}]"}}, {"model": "admin.logentry", "pk": 11, "fields": {"action_time": "2021-10-25T11:16:51.199Z", "user": 1, "content_type": 14, "object_id": "2", "object_repr": "kbox", "action_flag": 1, "change_message": "[{\"added\": {}}]"}}, {"model": "admin.logentry", "pk": 12, "fields": {"action_time": "2021-10-25T11:17:06.196Z", "user": 1, "content_type": 14, "object_id": "3", "object_repr": "bjj", "action_flag": 1, "change_message": "[{\"added\": {}}]"}}, {"model": "admin.logentry", "pk": 13, "fields": {"action_time": "2021-10-25T14:13:34.998Z", "user": 1, "content_type": 16, "object_id": "1", "object_repr": "boxing_bags", "action_flag": 1, "change_message": "[{\"added\": {}}]"}}, {"model": "admin.logentry", "pk": 14, "fields": {"action_time": "2021-10-25T14:14:04.586Z", "user": 1, "content_type": 16, "object_id": "2", "object_repr": "protective", "action_flag": 1, "change_message": "[{\"added\": {}}]"}}, {"model": "admin.logentry", "pk": 15, "fields": {"action_time": "2021-10-25T14:26:46.260Z", "user": 1, "content_type": 15, "object_id": "1", "object_repr": "Anaconda Punching Bag 130cm", "action_flag": 1, "change_message": "[{\"added\": {}}]"}}, {"model": "admin.logentry", "pk": 16, "fields": {"action_time": "2021-10-25T14:27:05.880Z", "user": 1, "content_type": 15, "object_id": "1", "object_repr": "Anaconda Punching Bag 130cm", "action_flag": 2, "change_message": "[]"}}, {"model": "admin.logentry", "pk": 17, "fields": {"action_time": "2021-10-25T14:27:15.460Z", "user": 1, "content_type": 15, "object_id": "1", "object_repr": "Anaconda Punching Bag 130cm", "action_flag": 2, "change_message": "[]"}}, {"model": "admin.logentry", "pk": 18, "fields": {"action_time": "2021-10-25T14:27:55.672Z", "user": 1, "content_type": 15, "object_id": "2", "object_repr": "Anaconda Punching Bag 150cm", "action_flag": 1, "change_message": "[{\"added\": {}}]"}}, {"model": "admin.logentry", "pk": 19, "fields": {"action_time": "2021-10-25T14:28:32.941Z", "user": 1, "content_type": 15, "object_id": "3", "object_repr": "Anaconda Punching Bag 170cm", "action_flag": 1, "change_message": "[{\"added\": {}}]"}}, {"model": "admin.logentry", "pk": 20, "fields": {"action_time": "2021-10-25T14:29:15.353Z", "user": 1, "content_type": 15, "object_id": "4", "object_repr": "Anaconda Punching Bag 190cm", "action_flag": 1, "change_message": "[{\"added\": {}}]"}}, {"model": "admin.logentry", "pk": 21, "fields": {"action_time": "2021-10-25T16:21:13.635Z", "user": 1, "content_type": 15, "object_id": "1", "object_repr": "Anaconda Punching Bag 130cm", "action_flag": 2, "change_message": "[{\"changed\": {\"fields\": [\"Category\"]}}]"}}, {"model": "admin.logentry", "pk": 22, "fields": {"action_time": "2021-10-25T16:21:24.039Z", "user": 1, "content_type": 15, "object_id": "2", "object_repr": "Anaconda Punching Bag 150cm", "action_flag": 2, "change_message": "[{\"changed\": {\"fields\": [\"Category\"]}}]"}}, {"model": "admin.logentry", "pk": 23, "fields": {"action_time": "2021-10-25T16:21:29.620Z", "user": 1, "content_type": 15, "object_id": "3", "object_repr": "Anaconda Punching Bag 170cm", "action_flag": 2, "change_message": "[{\"changed\": {\"fields\": [\"Category\"]}}]"}}, {"model": "admin.logentry", "pk": 24, "fields": {"action_time": "2021-10-25T16:21:38.421Z", "user": 1, "content_type": 15, "object_id": "4", "object_repr": "Anaconda Punching Bag 190cm", "action_flag": 2, "change_message": "[{\"changed\": {\"fields\": [\"Category\"]}}]"}}, {"model": "admin.logentry", "pk": 25, "fields": {"action_time": "2021-10-25T21:36:35.365Z", "user": 1, "content_type": 15, "object_id": "5", "object_repr": "Mouthguard \"Challenger\"", "action_flag": 1, "change_message": "[{\"added\": {}}]"}}, {"model": "admin.logentry", "pk": 26, "fields": {"action_time": "2021-11-01T22:04:35.108Z", "user": 1, "content_type": 16, "object_id": "1", "object_repr": "Anaconda Punching Bag 130cm", "action_flag": 2, "change_message": "[{\"changed\": {\"fields\": [\"Image\"]}}]"}}, {"model": "admin.logentry", "pk": 27, "fields": {"action_time": "2021-11-01T22:04:46.778Z", "user": 1, "content_type": 16, "object_id": "2", "object_repr": "Anaconda Punching Bag 150cm", "action_flag": 2, "change_message": "[{\"changed\": {\"fields\": [\"Image\"]}}]"}}, {"model": "admin.logentry", "pk": 28, "fields": {"action_time": "2021-11-01T22:04:58.009Z", "user": 1, "content_type": 16, "object_id": "3", "object_repr": "Anaconda Punching Bag 170cm", "action_flag": 2, "change_message": "[{\"changed\": {\"fields\": [\"Image\"]}}]"}}, {"model": "admin.logentry", "pk": 29, "fields": {"action_time": "2021-11-01T22:05:06.601Z", "user": 1, "content_type": 16, "object_id": "4", "object_repr": "Anaconda Punching Bag 190cm", "action_flag": 2, "change_message": "[{\"changed\": {\"fields\": [\"Image\"]}}]"}}, {"model": "admin.logentry", "pk": 30, "fields": {"action_time": "2021-11-01T22:06:56.743Z", "user": 1, "content_type": 16, "object_id": "5", "object_repr": "Mouthguard \"Challenger\"", "action_flag": 2, "change_message": "[{\"changed\": {\"fields\": [\"Image\"]}}]"}}, {"model": "admin.logentry", "pk": 31, "fields": {"action_time": "2021-11-14T23:16:13.900Z", "user": 1, "content_type": 19, "object_id": "1", "object_repr": "Monday 10am", "action_flag": 1, "change_message": "[{\"added\": {}}]"}}, {"model": "admin.logentry", "pk": 32, "fields": {"action_time": "2021-11-14T23:16:58.195Z", "user": 1, "content_type": 19, "object_id": "2", "object_repr": "Monday 11am", "action_flag": 1, "change_message": "[{\"added\": {}}]"}}, {"model": "admin.logentry", "pk": 33, "fields": {"action_time": "2021-11-14T23:43:33.088Z", "user": 1, "content_type": 19, "object_id": "1", "object_repr": "Monday 10am", "action_flag": 2, "change_message": "[{\"changed\": {\"fields\": [\"Class time\"]}}]"}}, {"model": "admin.logentry", "pk": 34, "fields": {"action_time": "2021-11-14T23:43:44.877Z", "user": 1, "content_type": 19, "object_id": "2", "object_repr": "Monday 11am", "action_flag": 2, "change_message": "[{\"changed\": {\"fields\": [\"Class time\"]}}]"}}, {"model": "admin.logentry", "pk": 35, "fields": {"action_time": "2021-11-14T23:45:11.090Z", "user": 1, "content_type": 19, "object_id": "3", "object_repr": "Monday 12am", "action_flag": 1, "change_message": "[{\"added\": {}}]"}}, {"model": "admin.logentry", "pk": 36, "fields": {"action_time": "2021-11-14T23:46:13.648Z", "user": 1, "content_type": 19, "object_id": "4", "object_repr": "Monday 4pm", "action_flag": 1, "change_message": "[{\"added\": {}}]"}}, {"model": "admin.logentry", "pk": 37, "fields": {"action_time": "2021-11-14T23:46:47.149Z", "user": 1, "content_type": 19, "object_id": "5", "object_repr": "Monday 5pm", "action_flag": 1, "change_message": "[{\"added\": {}}]"}}, {"model": "admin.logentry", "pk": 38, "fields": {"action_time": "2021-11-14T23:47:25.636Z", "user": 1, "content_type": 19, "object_id": "6", "object_repr": "Monday 6pm", "action_flag": 1, "change_message": "[{\"added\": {}}]"}}, {"model": "admin.logentry", "pk": 39, "fields": {"action_time": "2021-11-14T23:48:04.316Z", "user": 1, "content_type": 19, "object_id": "7", "object_repr": "Monday 7pm", "action_flag": 1, "change_message": "[{\"added\": {}}]"}}, {"model": "admin.logentry", "pk": 40, "fields": {"action_time": "2021-11-14T23:48:44.840Z", "user": 1, "content_type": 19, "object_id": "8", "object_repr": "Monday 8pm", "action_flag": 1, "change_message": "[{\"added\": {}}]"}}, {"model": "admin.logentry", "pk": 41, "fields": {"action_time": "2021-11-15T00:24:13.346Z", "user": 1, "content_type": 19, "object_id": "9", "object_repr": "Tuesday 10am", "action_flag": 1, "change_message": "[{\"added\": {}}]"}}, {"model": "admin.logentry", "pk": 42, "fields": {"action_time": "2021-11-15T00:24:26.153Z", "user": 1, "content_type": 19, "object_id": "10", "object_repr": "Tuesday 11am", "action_flag": 1, "change_message": "[{\"added\": {}}]"}}, {"model": "admin.logentry", "pk": 43, "fields": {"action_time": "2021-11-15T00:24:29.127Z", "user": 1, "content_type": 19, "object_id": "11", "object_repr": "Tuesday 11am", "action_flag": 1, "change_message": "[{\"added\": {}}]"}}, {"model": "admin.logentry", "pk": 44, "fields": {"action_time": "2021-11-15T00:24:59.952Z", "user": 1, "content_type": 19, "object_id": "10", "object_repr": "Tuesday 12am", "action_flag": 2, "change_message": "[{\"changed\": {\"fields\": [\"Class name\", \"Class time\"]}}]"}}, {"model": "admin.logentry", "pk": 45, "fields": {"action_time": "2021-11-15T00:25:06.896Z", "user": 1, "content_type": 19, "object_id": "8", "object_repr": "Monday 8pm", "action_flag": 2, "change_message": "[]"}}, {"model": "admin.logentry", "pk": 46, "fields": {"action_time": "2021-11-15T00:25:18.001Z", "user": 1, "content_type": 19, "object_id": "9", "object_repr": "Tuesday 10am", "action_flag": 2, "change_message": "[{\"changed\": {\"fields\": [\"Class time\"]}}]"}}, {"model": "admin.logentry", "pk": 47, "fields": {"action_time": "2021-11-15T00:25:27.273Z", "user": 1, "content_type": 19, "object_id": "11", "object_repr": "Tuesday 11am", "action_flag": 2, "change_message": "[{\"changed\": {\"fields\": [\"Class time\"]}}]"}}, {"model": "admin.logentry", "pk": 48, "fields": {"action_time": "2021-11-15T00:28:03.785Z", "user": 1, "content_type": 19, "object_id": "12", "object_repr": "Tuesday 4pm", "action_flag": 1, "change_message": "[{\"added\": {}}]"}}, {"model": "admin.logentry", "pk": 49, "fields": {"action_time": "2021-11-15T00:28:30.784Z", "user": 1, "content_type": 19, "object_id": "13", "object_repr": "Tuesday", "action_flag": 1, "change_message": "[{\"added\": {}}]"}}, {"model": "admin.logentry", "pk": 50, "fields": {"action_time": "2021-11-15T00:28:41.707Z", "user": 1, "content_type": 19, "object_id": "13", "object_repr": "Tuesday 5pm", "action_flag": 2, "change_message": "[{\"changed\": {\"fields\": [\"Class name\"]}}]"}}, {"model": "admin.logentry", "pk": 51, "fields": {"action_time": "2021-11-15T00:29:02.693Z", "user": 1, "content_type": 19, "object_id": "14", "object_repr": "Tuesday 6pm", "action_flag": 1, "change_message": "[{\"added\": {}}]"}}, {"model": "admin.logentry", "pk": 52, "fields": {"action_time": "2021-11-15T00:29:28.968Z", "user": 1, "content_type": 19, "object_id": "15", "object_repr": "Tuesday 7pm", "action_flag": 1, "change_message": "[{\"added\": {}}]"}}, {"model": "admin.logentry", "pk": 53, "fields": {"action_time": "2021-11-15T00:29:49.846Z", "user": 1, "content_type": 19, "object_id": "16", "object_repr": "Tuesday 8pm", "action_flag": 1, "change_message": "[{\"added\": {}}]"}}, {"model": "admin.logentry", "pk": 54, "fields": {"action_time": "2021-11-15T20:00:18.321Z", "user": 1, "content_type": 19, "object_id": "17", "object_repr": "Wednesday 10am", "action_flag": 1, "change_message": "[{\"added\": {}}]"}}, {"model": "admin.logentry", "pk": 55, "fields": {"action_time": "2021-11-15T20:00:35.464Z", "user": 1, "content_type": 19, "object_id": "18", "object_repr": "Wednesday 11am", "action_flag": 1, "change_message": "[{\"added\": {}}]"}}, {"model": "admin.logentry", "pk": 56, "fields": {"action_time": "2021-11-15T20:01:04.415Z", "user": 1, "content_type": 19, "object_id": "19", "object_repr": "Wednesday 12am", "action_flag": 1, "change_message": "[{\"added\": {}}]"}}, {"model": "admin.logentry", "pk": 57, "fields": {"action_time": "2021-11-15T20:02:18.992Z", "user": 1, "content_type": 19, "object_id": "20", "object_repr": "Wednesday 4pm", "action_flag": 1, "change_message": "[{\"added\": {}}]"}}, {"model": "admin.logentry", "pk": 58, "fields": {"action_time": "2021-11-15T20:02:35.305Z", "user": 1, "content_type": 19, "object_id": "17", "object_repr": "Wednesday 10am", "action_flag": 2, "change_message": "[{\"changed\": {\"fields\": [\"Class time\"]}}]"}}, {"model": "admin.logentry", "pk": 59, "fields": {"action_time": "2021-11-15T20:02:57.028Z", "user": 1, "content_type": 19, "object_id": "18", "object_repr": "Wednesday 11am", "action_flag": 2, "change_message": "[{\"changed\": {\"fields\": [\"Class time\"]}}]"}}, {"model": "admin.logentry", "pk": 60, "fields": {"action_time": "2021-11-15T20:03:09.139Z", "user": 1, "content_type": 19, "object_id": "19", "object_repr": "Wednesday 12am", "action_flag": 2, "change_message": "[]"}}, {"model": "admin.logentry", "pk": 61, "fields": {"action_time": "2021-11-15T20:03:34.088Z", "user": 1, "content_type": 19, "object_id": "21", "object_repr": "Wednesday 5pm", "action_flag": 1, "change_message": "[{\"added\": {}}]"}}, {"model": "admin.logentry", "pk": 62, "fields": {"action_time": "2021-11-15T20:03:50.793Z", "user": 1, "content_type": 19, "object_id": "22", "object_repr": "Wednesday 6pm", "action_flag": 1, "change_message": "[{\"added\": {}}]"}}, {"model": "admin.logentry", "pk": 63, "fields": {"action_time": "2021-11-15T20:04:11.098Z", "user": 1, "content_type": 19, "object_id": "23", "object_repr": "Wednesday 7pm", "action_flag": 1, "change_message": "[{\"added\": {}}]"}}, {"model": "admin.logentry", "pk": 64, "fields": {"action_time": "2021-11-15T20:04:35.939Z", "user": 1, "content_type": 19, "object_id": "24", "object_repr": "Wednesday 8pm", "action_flag": 1, "change_message": "[{\"added\": {}}]"}}, {"model": "admin.logentry", "pk": 65, "fields": {"action_time": "2021-11-15T20:08:18.422Z", "user": 1, "content_type": 19, "object_id": "11", "object_repr": "Tuesday 11am", "action_flag": 2, "change_message": "[]"}}, {"model": "admin.logentry", "pk": 66, "fields": {"action_time": "2021-11-15T20:08:31.627Z", "user": 1, "content_type": 19, "object_id": "10", "object_repr": "Tuesday 13am", "action_flag": 2, "change_message": "[{\"changed\": {\"fields\": [\"Class name\"]}}]"}}, {"model": "admin.logentry", "pk": 67, "fields": {"action_time": "2021-11-15T20:08:50.643Z", "user": 1, "content_type": 19, "object_id": "11", "object_repr": "Tuesday 12am", "action_flag": 2, "change_message": "[{\"changed\": {\"fields\": [\"Class name\", \"Class time\"]}}]"}}, {"model": "admin.logentry", "pk": 68, "fields": {"action_time": "2021-11-15T20:09:11.394Z", "user": 1, "content_type": 19, "object_id": "10", "object_repr": "Tuesday 11am", "action_flag": 2, "change_message": "[{\"changed\": {\"fields\": [\"Class name\", \"Class time\"]}}]"}}, {"model": "admin.logentry", "pk": 69, "fields": {"action_time": "2021-11-15T20:10:55.081Z", "user": 1, "content_type": 19, "object_id": "25", "object_repr": "Thursday 10am", "action_flag": 1, "change_message": "[{\"added\": {}}]"}}, {"model": "admin.logentry", "pk": 70, "fields": {"action_time": "2021-11-15T20:11:14.273Z", "user": 1, "content_type": 19, "object_id": "26", "object_repr": "Thursday 11am", "action_flag": 1, "change_message": "[{\"added\": {}}]"}}, {"model": "admin.logentry", "pk": 71, "fields": {"action_time": "2021-11-15T20:11:32.519Z", "user": 1, "content_type": 19, "object_id": "27", "object_repr": "Thursday 12am", "action_flag": 1, "change_message": "[{\"added\": {}}]"}}, {"model": "admin.logentry", "pk": 72, "fields": {"action_time": "2021-11-15T20:11:50.251Z", "user": 1, "content_type": 19, "object_id": "28", "object_repr": "Thursday 4pm", "action_flag": 1, "change_message": "[{\"added\": {}}]"}}, {"model": "admin.logentry", "pk": 73, "fields": {"action_time": "2021-11-15T20:12:15.291Z", "user": 1, "content_type": 19, "object_id": "29", "object_repr": "Thursday 5pm", "action_flag": 1, "change_message": "[{\"added\": {}}]"}}, {"model": "admin.logentry", "pk": 74, "fields": {"action_time": "2021-11-15T20:12:43.106Z", "user": 1, "content_type": 19, "object_id": "30", "object_repr": "Thursday 6pm", "action_flag": 1, "change_message": "[{\"added\": {}}]"}}, {"model": "admin.logentry", "pk": 75, "fields": {"action_time": "2021-11-15T20:13:01.193Z", "user": 1, "content_type": 19, "object_id": "31", "object_repr": "Thursday 7pm", "action_flag": 1, "change_message": "[{\"added\": {}}]"}}, {"model": "admin.logentry", "pk": 76, "fields": {"action_time": "2021-11-15T20:13:29.951Z", "user": 1, "content_type": 19, "object_id": "32", "object_repr": "Thursday 8pm", "action_flag": 1, "change_message": "[{\"added\": {}}]"}}, {"model": "admin.logentry", "pk": 77, "fields": {"action_time": "2021-11-15T20:13:53.640Z", "user": 1, "content_type": 19, "object_id": "33", "object_repr": "Friday 10am", "action_flag": 1, "change_message": "[{\"added\": {}}]"}}, {"model": "admin.logentry", "pk": 78, "fields": {"action_time": "2021-11-15T20:14:06.661Z", "user": 1, "content_type": 19, "object_id": "34", "object_repr": "Friday 11am", "action_flag": 1, "change_message": "[{\"added\": {}}]"}}, {"model": "admin.logentry", "pk": 79, "fields": {"action_time": "2021-11-15T20:14:23.748Z", "user": 1, "content_type": 19, "object_id": "35", "object_repr": "Friday 12am", "action_flag": 1, "change_message": "[{\"added\": {}}]"}}, {"model": "admin.logentry", "pk": 80, "fields": {"action_time": "2021-11-15T20:14:44.762Z", "user": 1, "content_type": 19, "object_id": "36", "object_repr": "Friday 4pm", "action_flag": 1, "change_message": "[{\"added\": {}}]"}}, {"model": "admin.logentry", "pk": 81, "fields": {"action_time": "2021-11-15T20:15:04.337Z", "user": 1, "content_type": 19, "object_id": "37", "object_repr": "Friday 5pm", "action_flag": 1, "change_message": "[{\"added\": {}}]"}}, {"model": "admin.logentry", "pk": 82, "fields": {"action_time": "2021-11-15T20:15:38.173Z", "user": 1, "content_type": 19, "object_id": "38", "object_repr": "Friday 6pm", "action_flag": 1, "change_message": "[{\"added\": {}}]"}}, {"model": "admin.logentry", "pk": 83, "fields": {"action_time": "2021-11-15T20:15:54.730Z", "user": 1, "content_type": 19, "object_id": "39", "object_repr": "Friday 7pm", "action_flag": 1, "change_message": "[{\"added\": {}}]"}}, {"model": "admin.logentry", "pk": 84, "fields": {"action_time": "2021-11-15T20:16:16.476Z", "user": 1, "content_type": 19, "object_id": "40", "object_repr": "Friday 8pm", "action_flag": 1, "change_message": "[{\"added\": {}}]"}}, {"model": "admin.logentry", "pk": 85, "fields": {"action_time": "2021-11-15T20:20:15.823Z", "user": 1, "content_type": 19, "object_id": "41", "object_repr": "Saturday 10am", "action_flag": 1, "change_message": "[{\"added\": {}}]"}}, {"model": "admin.logentry", "pk": 86, "fields": {"action_time": "2021-11-15T20:20:38.884Z", "user": 1, "content_type": 19, "object_id": "42", "object_repr": "Saturday 11am", "action_flag": 1, "change_message": "[{\"added\": {}}]"}}, {"model": "admin.logentry", "pk": 87, "fields": {"action_time": "2021-11-15T20:21:04.274Z", "user": 1, "content_type": 19, "object_id": "43", "object_repr": "Saturday 12am", "action_flag": 1, "change_message": "[{\"added\": {}}]"}}, {"model": "admin.logentry", "pk": 88, "fields": {"action_time": "2021-11-15T20:21:22.383Z", "user": 1, "content_type": 19, "object_id": "44", "object_repr": "Saturday 4pm", "action_flag": 1, "change_message": "[{\"added\": {}}]"}}, {"model": "admin.logentry", "pk": 89, "fields": {"action_time": "2021-11-15T20:21:45.779Z", "user": 1, "content_type": 19, "object_id": "45", "object_repr": "Saturday 5pm", "action_flag": 1, "change_message": "[{\"added\": {}}]"}}, {"model": "admin.logentry", "pk": 90, "fields": {"action_time": "2021-11-15T20:22:09.331Z", "user": 1, "content_type": 19, "object_id": "46", "object_repr": "Saturday 6pm", "action_flag": 1, "change_message": "[{\"added\": {}}]"}}, {"model": "admin.logentry", "pk": 91, "fields": {"action_time": "2021-11-15T20:22:32.688Z", "user": 1, "content_type": 19, "object_id": "47", "object_repr": "Saturday 7pm", "action_flag": 1, "change_message": "[{\"added\": {}}]"}}, {"model": "admin.logentry", "pk": 92, "fields": {"action_time": "2021-11-15T20:22:46.571Z", "user": 1, "content_type": 19, "object_id": "48", "object_repr": "Saturday 8pm", "action_flag": 1, "change_message": "[{\"added\": {}}]"}}, {"model": "admin.logentry", "pk": 93, "fields": {"action_time": "2021-11-21T05:26:01.474Z", "user": 1, "content_type": 17, "object_id": "3", "object_repr": "E153E0A8BA764EF3B2933FAE6459BCE6", "action_flag": 3, "change_message": ""}}, {"model": "admin.logentry", "pk": 94, "fields": {"action_time": "2021-11-21T05:26:01.509Z", "user": 1, "content_type": 17, "object_id": "2", "object_repr": "FD5E72F8A8414DA7B157D8419229EDB8", "action_flag": 3, "change_message": ""}}, {"model": "admin.logentry", "pk": 95, "fields": {"action_time": "2021-11-21T05:26:01.540Z", "user": 1, "content_type": 17, "object_id": "1", "object_repr": "C254D1B9C03A4756959DD143AAFB801A", "action_flag": 3, "change_message": ""}}, {"model": "admin.logentry", "pk": 96, "fields": {"action_time": "2021-11-21T05:27:58.364Z", "user": 1, "content_type": 17, "object_id": "4", "object_repr": "D0E759817AA942E98FB956D936949371", "action_flag": 2, "change_message": "[{\"added\": {\"name\": \"order line item\", \"object\": \"SKU 0000102001 on order D0E759817AA942E98FB956D936949371\"}}, {\"changed\": {\"name\": \"order line item\", \"object\": \"SKU 0000101003 on order D0E759817AA942E98FB956D936949371\", \"fields\": [\"Quantity\"]}}, {\"changed\": {\"name\": \"order line item\", \"object\": \"SKU 0000101002 on order D0E759817AA942E98FB956D936949371\", \"fields\": [\"Quantity\"]}}]"}}, {"model": "admin.logentry", "pk": 97, "fields": {"action_time": "2021-11-21T10:04:54.185Z", "user": 1, "content_type": 17, "object_id": "5", "object_repr": "F7DEE109884945589580AAD97C05E3CA", "action_flag": 3, "change_message": ""}}, {"model": "admin.logentry", "pk": 98, "fields": {"action_time": "2021-11-21T10:04:54.217Z", "user": 1, "content_type": 17, "object_id": "4", "object_repr": "D0E759817AA942E98FB956D936949371", "action_flag": 3, "change_message": ""}}, {"model": "admin.logentry", "pk": 99, "fields": {"action_time": "2021-11-22T00:34:59.395Z", "user": 1, "content_type": 17, "object_id": "11", "object_repr": "57B55B569911452C843C4A3E682D0E1F", "action_flag": 3, "change_message": ""}}, {"model": "admin.logentry", "pk": 100, "fields": {"action_time": "2021-11-22T00:34:59.415Z", "user": 1, "content_type": 17, "object_id": "10", "object_repr": "9AA2130D51EE45AF92F7B3331FF27184", "action_flag": 3, "change_message": ""}}, {"model": "admin.logentry", "pk": 101, "fields": {"action_time": "2021-11-22T00:34:59.430Z", "user": 1, "content_type": 17, "object_id": "9", "object_repr": "EF97388810A140A483561444375A55A6", "action_flag": 3, "change_message": ""}}, {"model": "admin.logentry", "pk": 102, "fields": {"action_time": "2021-11-22T00:34:59.448Z", "user": 1, "content_type": 17, "object_id": "8", "object_repr": "8031C269155A4B1889CE1AC06B37E61F", "action_flag": 3, "change_message": ""}}, {"model": "admin.logentry", "pk": 103, "fields": {"action_time": "2021-11-22T00:34:59.465Z", "user": 1, "content_type": 17, "object_id": "7", "object_repr": "E10FB228E6F04235ABEFB9057C43ECF3", "action_flag": 3, "change_message": ""}}, {"model": "admin.logentry", "pk": 104, "fields": {"action_time": "2021-11-22T00:34:59.481Z", "user": 1, "content_type": 17, "object_id": "6", "object_repr": "62BE1B5204ED4E42B93F76BCD40C13B2", "action_flag": 3, "change_message": ""}}, {"model": "admin.logentry", "pk": 105, "fields": {"action_time": "2021-11-27T20:29:43.127Z", "user": 1, "content_type": 4, "object_id": "1", "object_repr": "luki89", "action_flag": 2, "change_message": "[{\"changed\": {\"fields\": [\"First name\", \"Last name\"]}}]"}}, {"model": "admin.logentry", "pk": 106, "fields": {"action_time": "2021-11-28T08:19:46.971Z", "user": 1, "content_type": 17, "object_id": "12", "object_repr": "DDC9C925DF0D4CB09E1427C64341CEAE", "action_flag": 3, "change_message": ""}}, {"model": "admin.logentry", "pk": 107, "fields": {"action_time": "2021-11-28T12:02:20.487Z", "user": 1, "content_type": 16, "object_id": "7", "object_repr": "Test Product 001", "action_flag": 3, "change_message": ""}}, {"model": "admin.logentry", "pk": 108, "fields": {"action_time": "2021-11-28T12:02:20.516Z", "user": 1, "content_type": 16, "object_id": "6", "object_repr": "Test Product 001", "action_flag": 3, "change_message": ""}}, {"model": "admin.logentry", "pk": 109, "fields": {"action_time": "2021-11-28T12:36:28.793Z", "user": 1, "content_type": 16, "object_id": "8", "object_repr": "Test Product 001", "action_flag": 3, "change_message": ""}}, {"model": "admin.logentry", "pk": 110, "fields": {"action_time": "2021-11-28T12:36:28.836Z", "user": 1, "content_type": 16, "object_id": "9", "object_repr": "Test Product 002", "action_flag": 3, "change_message": ""}}, {"model": "auth.user", "pk": 1, "fields": {"password": "pbkdf2_sha256$260000$25Cbap4gKnTYGn86zThTO5$629hnOjQcmxrs6+T/hwnKlYRa40wkSl3JOMv5dp0ass=", "last_login": "2021-11-28T15:39:21.538Z", "is_superuser": true, "username": "luki89", "first_name": "Lukasz", "last_name": "Pasich", "email": "lukas.zed81@gmail.com", "is_staff": true, "is_active": true, "date_joined": "2021-10-17T16:21:46Z", "groups": [], "user_permissions": []}}, {"model": "auth.user", "pk": 2, "fields": {"password": "pbkdf2_sha256$260000$TPC5m33T8aqduJBCRRdUEQ$7YciMZSD3NIEFsMYWNpPRURxgKElq5jA07t4khSvjuY=", "last_login": "2021-11-28T15:37:39.648Z", "is_superuser": false, "username": "aaaa", "first_name": "", "last_name": "", "email": "aaa@aaa.com", "is_staff": false, "is_active": true, "date_joined": "2021-11-27T12:38:38.310Z", "groups": [], "user_permissions": []}}, {"model": "sessions.session", "pk": "0kez7dacn71yci311jnkqy9ugo2vvkgb", "fields": {"session_data": "e30:1mqUTf:8jVK8SF1a--cia6SqkD20KoBhY9PN0nlviMXwCFAqF8", "expire_date": "2021-12-10T06:12:55.153Z"}}, {"model": "sessions.session", "pk": "0ngyzbq147caf9qvjczj0xnkfurm6puh", "fields": {"session_data": ".eJxVjDsOgzAUBO_yamTZz2CMy_Q5A1r_gCQCiU-FuHtAokjamdndqcW29u22pLkdIjlSVPwyj_BO4yXiC2M3iTCN6zx4cSXitot4TjF9Hnf7d9Bj6c81dIiNNil5n2XMZQkDa0_G0jBSsJnZV43V0hhVImtIeAVljawB1uepR0duJyandEEVubogTY6P4wtIVT5L:1mi2aH:oLGl4FCKjRZ530WxqCmcpfp59k8t578GJLhxYBuTHVQ", "expire_date": "2021-11-16T22:48:49.381Z"}}, {"model": "sessions.session", "pk": "1zzur1h26avs70f616gd6tu0vkt7504z", "fields": {"session_data": "e30:1mqUTT:4JkQkR4xZDjyu6euE0wyiWMetGVfjz-B4ifhAgGanVs", "expire_date": "2021-12-10T06:12:43.850Z"}}, {"model": "sessions.session", "pk": "9uyldg21xch7e2w0i0r2cdl8xe9m52ux", "fields": {"session_data": "eyJiYWciOnsiMyI6NywiNSI6M319:1mjHnE:sSwmZXRsl-ZMw2zSZJf0xk7sbxs6FIoUv9UKu-bfX_E", "expire_date": "2021-11-20T09:15:20.700Z"}}, {"model": "sessions.session", "pk": "b0anse4yatgpj5l80cbo8wq1htfptw8d", "fields": {"session_data": ".eJxVjMsOgjAURP_lrgnpA2vp0r3f0NzSW6ia1lAwGsK_CwkL3czinJlZwOI8DXYuNNrowQCH6pc57O6UduFvmPpcdzlNY3T1XqkPW-pr9vS4HN2_gwHLsK1Rdr6Visi5wHxoGlSo9cYEUwKp00EId2q1ZErxBoNEho4j14qdEYXcTwuVEnOy9H7G8QOGVVDwRTamkMFM40wVOOzBLCDB8ArEluv6BcHYSmI:1mr4OZ:PMZtuzBiq22H_ROvVHorcMVy41KsLidhSPohCnIrbms", "expire_date": "2021-12-11T20:34:03.275Z"}}, {"model": "sessions.session", "pk": "ecaxgu6xvryyk1yk91qsui1mbzn39bd7", "fields": {"session_data": ".eJxVjEEOwiAQRe_C2pCChaFduvcMZKYzWtSAKW2iMd5dm3Sh2__efy8VcZnHuFSZYmLVK6N2vxvhcJW8Ar5gPhc9lDxPifSq6I1WfSwst8Pm_gVGrOP3TeQIHNIgtrMmMLEzjBJoj9a2hBA6YrA-GN906E_E6Ki13gK04BtYo1VqTSVHedzT9FR98_4Arxw_OQ:1mdKP6:N8kXEW5F0y-yTd2vpbeBbJE9ofukzO9G4ePSxgO6JVQ", "expire_date": "2021-11-03T22:49:48.059Z"}}, {"model": "sessions.session", "pk": "haehyzrnqucrzndl0bxcnn6rfltk4ovz", "fields": {"session_data": "eyJiYWciOnsiNSI6MX19:1mqUT2:uyQPd8ObIqBKC0vv25W8nz2R3tqq6qsy0JDL5Ub5Kwo", "expire_date": "2021-12-10T06:12:16.672Z"}}, {"model": "sessions.session", "pk": "k99522vnmuvw63zbmyvxqu66660dgckb", "fields": {"session_data": "e30:1mq7yT:UDsSBTrT6xS7gGoriVorKv1Bi8PRrAPDwaD9IZHqRJw", "expire_date": "2021-12-09T06:11:13.608Z"}}, {"model": "sessions.session", "pk": "nse43vvqqu0vb0s93uzfjsrl1893rz49", "fields": {"session_data": "e30:1mqUTF:K-eTzE0RMrpiOerQHARLDfOanBFbNqgN7bgThX5xvhg", "expire_date": "2021-12-10T06:12:29.075Z"}}, {"model": "sessions.session", "pk": "r0ov544safeb41pdgsd62hqy3fz3kevg", "fields": {"session_data": "e30:1mqUXL:GTv_CIFgBeajvaHDex1Jt2DJQss32wCQLr-3bn_GXdI", "expire_date": "2021-12-10T06:16:43.890Z"}}, {"model": "sessions.session", "pk": "s4rx2807mck5xbaqiy38e6vxe84pyo8t", "fields": {"session_data": ".eJxVjMsOwiAQRf-FdUN4VMQu3fsNZIDBogYM0xqN8d9tky50e865980czNPoZsLmcmQDk6z7ZR7CFcsq4gXKufJQy9Sy52vCN0v8VCPejlv7dzACjcsadIgHbRC9TyKmvgcD1i5MCaMAg01K-d3BamGM7CFpEOAlSGvEHkDp9ZSQKNfi8HnP7cUG0TGCB7pcUmXD1Gb8fAEiqEWn:1moxJY:8J8e6I-x-PlDKG6n_TevMQ04GY1FMFsBu8yKPvnzqj4", "expire_date": "2021-12-06T00:36:08.316Z"}}, {"model": "sessions.session", "pk": "v6oun6u6d7u2kn0alpvkl5ljf7z2arg3", "fields": {"session_data": ".eJxVjEEOwiAQRe_C2pCChaFduvcMZKYzWtSAKW2iMd5dm3Sh2__efy8VcZnHuFSZYmLVK6N2vxvhcJW8Ar5gPhc9lDxPifSq6I1WfSwst8Pm_gVGrOP3TeQIHNIgtrMmMLEzjBJoj9a2hBA6YrA-GN906E_E6Ki13gK04BtYo1VqTSVHedzT9FR98_4Arxw_OQ:1mdcwf:kRW3CMD_qNSuUk-b0bGJpjnuQ5xfApK7ZXi12DHpAsA", "expire_date": "2021-11-04T18:37:41.386Z"}}, {"model": "sessions.session", "pk": "vmxep385i8e58xbjdzrk4o4omcyiegz9", "fields": {"session_data": ".eJxVjEEOwiAQRe_C2pAB6khduvcMZIDBogZMaRON8e62SRe6fe_9_xaO5mlwc-PR5SiOQondL_MUblxWEa9ULlWGWqYxe7kmcrNNnmvk-2lr_w4GasOyJhNib5DZ-wQxdR0hWbswDaiJg01a-31vDSCqjpIhIK9IWYQDkTbraePWci2On488vsRRaegR4PMFOAZAtQ:1mrNBp:iFy3jfWTtZ6lTzjUAFzRM18z2nT0SpjwTvn32HTD3_U", "expire_date": "2021-12-12T16:38:09.799Z"}}, {"model": "sites.site", "pk": 1, "fields": {"domain": "anacondamaa.example.com", "name": "Anaconda MAA"}}, {"model": "account.emailaddress", "pk": 1, "fields": {"user": 1, "email": "lukas.zed81@gmail.com", "verified": false, "primary": false}}, {"model": "account.emailaddress", "pk": 2, "fields": {"user": 1, "email": "lukaszpasich@protonmail.com", "verified": true, "primary": true}}, {"model": "account.emailaddress", "pk": 3, "fields": {"user": 2, "email": "aaa@aaa.com", "verified": true, "primary": true}}, {"model": "classes.class", "pk": 1, "fields": {"class_name": "Monday 10am", "class_time": "10.00AM - 11.00AM", "class_type": "-", "class_level": "-"}}, {"model": "classes.class", "pk": 2, "fields": {"class_name": "Monday 11am", "class_time": "11.00AM - 12.00AM", "class_type": "-", "class_level": "-"}}, {"model": "classes.class", "pk": 3, "fields": {"class_name": "Monday 12am", "class_time": "12.00AM - 1.00PM", "class_type": "-", "class_level": "-"}}, {"model": "classes.class", "pk": 4, "fields": {"class_name": "Monday 4pm", "class_time": "4.00PM - 5.00PM", "class_type": "Kickboxing", "class_level": "Kids 8-12 years"}}, {"model": "classes.class", "pk": 5, "fields": {"class_name": "Monday 5pm", "class_time": "5.00PM - 6.00PM", "class_type": "Kickboxing", "class_level": "Kids 12+ years"}}, {"model": "classes.class", "pk": 6, "fields": {"class_name": "Monday 6pm", "class_time": "6.00PM - 7.00PM", "class_type": "Kickboxing", "class_level": "Adults Beginners"}}, {"model": "classes.class", "pk": 7, "fields": {"class_name": "Monday 7pm", "class_time": "7.00PM - 8.00PM", "class_type": "Boxing", "class_level": "Adults Intermediate"}}, {"model": "classes.class", "pk": 8, "fields": {"class_name": "Monday 8pm", "class_time": "8.00PM - 9.00PM", "class_type": "Kickboxing", "class_level": "Adults Advanced"}}, {"model": "classes.class", "pk": 9, "fields": {"class_name": "Tuesday 10am", "class_time": "10.00AM - 11.00AM", "class_type": "-", "class_level": "-"}}, {"model": "classes.class", "pk": 10, "fields": {"class_name": "Tuesday 11am", "class_time": "11.00AM - 12.00AM", "class_type": "-", "class_level": "-"}}, {"model": "classes.class", "pk": 11, "fields": {"class_name": "Tuesday 12am", "class_time": "12.00AM - 1.00PM", "class_type": "-", "class_level": "-"}}, {"model": "classes.class", "pk": 12, "fields": {"class_name": "Tuesday 4pm", "class_time": "4.00PM - 5.00PM", "class_type": "Boxing", "class_level": "Kids 8-12 years"}}, {"model": "classes.class", "pk": 13, "fields": {"class_name": "Tuesday 5pm", "class_time": "5.00PM - 6.00PM", "class_type": "Boxing", "class_level": "Kids 12+ years"}}, {"model": "classes.class", "pk": 14, "fields": {"class_name": "Tuesday 6pm", "class_time": "6.00PM - 7.00PM", "class_type": "Boxing", "class_level": "Adults Beginners"}}, {"model": "classes.class", "pk": 15, "fields": {"class_name": "Tuesday 7pm", "class_time": "7.00PM - 8.00PM", "class_type": "Kickboxing", "class_level": "Adults Intermediate"}}, {"model": "classes.class", "pk": 16, "fields": {"class_name": "Tuesday 8pm", "class_time": "8.00PM - 9.00PM", "class_type": "Boxing", "class_level": "Adults Advanced"}}, {"model": "classes.class", "pk": 17, "fields": {"class_name": "Wednesday 10am", "class_time": "10.00AM - 11.00AM", "class_type": "-", "class_level": "-"}}, {"model": "classes.class", "pk": 18, "fields": {"class_name": "Wednesday 11am", "class_time": "11.00AM - 12.00AM", "class_type": "-", "class_level": "-"}}, {"model": "classes.class", "pk": 19, "fields": {"class_name": "Wednesday 12am", "class_time": "12.00AM - 1.00PM", "class_type": "-", "class_level": "-"}}, {"model": "classes.class", "pk": 20, "fields": {"class_name": "Wednesday 4pm", "class_time": "4.00pm - 5.00pm", "class_type": "BJJ", "class_level": "Kids All Levels"}}, {"model": "classes.class", "pk": 21, "fields": {"class_name": "Wednesday 5pm", "class_time": "5.00PM - 6.00PM", "class_type": "BJJ", "class_level": "Adults Beginners"}}, {"model": "classes.class", "pk": 22, "fields": {"class_name": "Wednesday 6pm", "class_time": "6.00PM - 7.00PM", "class_type": "BJJ", "class_level": "Adults Intermediate"}}, {"model": "classes.class", "pk": 23, "fields": {"class_name": "Wednesday 7pm", "class_time": "7.00PM - 8.00PM", "class_type": "BJJ", "class_level": "Adults Advanced"}}, {"model": "classes.class", "pk": 24, "fields": {"class_name": "Wednesday 8pm", "class_time": "8.00PM - 9.00PM", "class_type": "MMA", "class_level": "Adults Advanced"}}, {"model": "classes.class", "pk": 25, "fields": {"class_name": "Thursday 10am", "class_time": "10.00AM - 11.00AM", "class_type": "-", "class_level": "-"}}, {"model": "classes.class", "pk": 26, "fields": {"class_name": "Thursday 11am", "class_time": "11.00AM - 12.00AM", "class_type": "-", "class_level": "-"}}, {"model": "classes.class", "pk": 27, "fields": {"class_name": "Thursday 12am", "class_time": "12.00AM - 1.00PM", "class_type": "-", "class_level": "-"}}, {"model": "classes.class", "pk": 28, "fields": {"class_name": "Thursday 4pm", "class_time": "4.00PM - 5.00PM", "class_type": "Kickboxing", "class_level": "Kids 8-12 years"}}, {"model": "classes.class", "pk": 29, "fields": {"class_name": "Thursday 5pm", "class_time": "5.00PM - 6.00PM", "class_type": "Kickboxing", "class_level": "Kids 12+ years"}}, {"model": "classes.class", "pk": 30, "fields": {"class_name": "Thursday 6pm", "class_time": "6.00PM - 7.00PM", "class_type": "Kickboxing", "class_level": "Adults Beginners"}}, {"model": "classes.class", "pk": 31, "fields": {"class_name": "Thursday 7pm", "class_time": "7.00PM - 8.00PM", "class_type": "Boxing", "class_level": "Adults Intermediate"}}, {"model": "classes.class", "pk": 32, "fields": {"class_name": "Thursday 8pm", "class_time": "8.00PM - 9.00PM", "class_type": "Kickboxing", "class_level": "Adults Advanced"}}, {"model": "classes.class", "pk": 33, "fields": {"class_name": "Friday 10am", "class_time": "10.00AM - 11.00AM", "class_type": "-", "class_level": "-"}}, {"model": "classes.class", "pk": 34, "fields": {"class_name": "Friday 11am", "class_time": "11.00AM - 12.00AM", "class_type": "-", "class_level": "-"}}, {"model": "classes.class", "pk": 35, "fields": {"class_name": "Friday 12am", "class_time": "12.00AM - 1.00PM", "class_type": "-", "class_level": "-"}}, {"model": "classes.class", "pk": 36, "fields": {"class_name": "Friday 4pm", "class_time": "4.00PM - 5.00PM", "class_type": "Boxing", "class_level": "Kids 8-12 years"}}, {"model": "classes.class", "pk": 37, "fields": {"class_name": "Friday 5pm", "class_time": "5.00PM - 6.00PM", "class_type": "Boxing", "class_level": "Kids 12+ years"}}, {"model": "classes.class", "pk": 38, "fields": {"class_name": "Friday 6pm", "class_time": "6.00PM - 7.00PM", "class_type": "Boxing", "class_level": "Adults Beginners"}}, {"model": "classes.class", "pk": 39, "fields": {"class_name": "Friday 7pm", "class_time": "7.00PM - 8.00PM", "class_type": "Kickboxing", "class_level": "Adults Intermediate"}}, {"model": "classes.class", "pk": 40, "fields": {"class_name": "Friday 8pm", "class_time": "8.00PM - 9.00PM", "class_type": "Boxing", "class_level": "Adults Advanced"}}, {"model": "classes.class", "pk": 41, "fields": {"class_name": "Saturday 10am", "class_time": "10.00AM - 11.00AM", "class_type": "BJJ", "class_level": "Kids 4-8 years"}}, {"model": "classes.class", "pk": 42, "fields": {"class_name": "Saturday 11am", "class_time": "11.00AM - 12.00AM", "class_type": "BJJ", "class_level": "Kids 8-12 years"}}, {"model": "classes.class", "pk": 43, "fields": {"class_name": "Saturday 12am", "class_time": "12.00AM - 1.00PM", "class_type": "BJJ", "class_level": "Kids 12+ years"}}, {"model": "classes.class", "pk": 44, "fields": {"class_name": "Saturday 4pm", "class_time": "4.00PM - 5.00PM", "class_type": "BJJ", "class_level": "Adults Beginners"}}, {"model": "classes.class", "pk": 45, "fields": {"class_name": "Saturday 5pm", "class_time": "5.00PM - 6.00PM", "class_type": "BJJ", "class_level": "Adults Intermediate"}}, {"model": "classes.class", "pk": 46, "fields": {"class_name": "Saturday 6pm", "class_time": "6.00PM - 7.00PM", "class_type": "BJJ", "class_level": "Adults Advanced"}}, {"model": "classes.class", "pk": 47, "fields": {"class_name": "Saturday 7pm", "class_time": "7.00PM - 8.00PM", "class_type": "MMA", "class_level": "Adults Advanced"}}, {"model": "classes.class", "pk": 48, "fields": {"class_name": "Saturday 8pm", "class_time": "8.00PM - 9.00PM", "class_type": "-", "class_level": "-"}}, {"model": "membership.discipline", "pk": 1, "fields": {"name": "box", "friendly_name": "Boxing"}}, {"model": "membership.discipline", "pk": 2, "fields": {"name": "kbox", "friendly_name": "Kickboxing"}}, {"model": "membership.discipline", "pk": 3, "fields": {"name": "bjj", "friendly_name": "Brazilian Jiu-Jitsu"}}, {"model": "membership.membership", "pk": 1, "fields": {"discipline": null, "membership_no": "001", "name": "Choose One", "small_name": "(Kids)", "all_classes": false, "price": 59, "pay_interval": "/month"}}, {"model": "membership.membership", "pk": 2, "fields": {"discipline": null, "membership_no": "002", "name": "Choose One", "small_name": "(Adults)", "all_classes": false, "price": 79, "pay_interval": "/month"}}, {"model": "membership.membership", "pk": 3, "fields": {"discipline": null, "membership_no": "003", "name": "Unlimited", "small_name": null, "all_classes": true, "price": 99, "pay_interval": "/month"}}, {"model": "products.category", "pk": 1, "fields": {"name": "boxing_bags", "friendly_name": "Boxing Bags"}}, {"model": "products.category", "pk": 2, "fields": {"name": "protective", "friendly_name": "Protective"}}, {"model": "products.product", "pk": 1, "fields": {"category": 1, "sku": "0000101001", "name": "Anaconda Punching Bag 130cm", "description": "The Anaconda punching bag is available in 4 different sizes. Its premium PU coating is resistant and soft to the touch while its cotton padding is ideal for absorbing heavy strikes. The seam-reinforced hanger straps are strong and quiet. This heavy punching bag is suitable for all types of combat sports, from muay thai to boxing, including MMA or kickboxing.", "has_sizes": false, "price": "249.99", "rating": "4.10", "image_url": null, "image": "boxing-bag-130_hJbwf7j.jpg"}}, {"model": "products.product", "pk": 2, "fields": {"category": 1, "sku": "0000101002", "name": "Anaconda Punching Bag 150cm", "description": "The Anaconda punching bag is available in 4 different sizes. Its premium PU coating is resistant and soft to the touch while its cotton padding is ideal for absorbing heavy strikes. The seam-reinforced hanger straps are strong and quiet. This heavy punching bag is suitable for all types of combat sports, from muay thai to boxing, including MMA or kickboxing.", "has_sizes": false, "price": "289.99", "rating": "4.20", "image_url": null, "image": "boxing-bag-150_y1i6SQy.jpg"}}, {"model": "products.product", "pk": 3, "fields": {"category": 1, "sku": "0000101003", "name": "Anaconda Punching Bag 170cm", "description": "The Anaconda punching bag is available in 4 different sizes. Its premium PU coating is resistant and soft to the touch while its cotton padding is ideal for absorbing heavy strikes. The seam-reinforced hanger straps are strong and quiet. This heavy punching bag is suitable for all types of combat sports, from muay thai to boxing, including MMA or kickboxing.", "has_sizes": false, "price": "329.99", "rating": "4.30", "image_url": null, "image": "boxing-bag-170_kc4QNCS.jpg"}}, {"model": "products.product", "pk": 4, "fields": {"category": 1, "sku": "0000101004", "name": "Anaconda Punching Bag 190cm", "description": "The Anaconda punching bag is available in 4 different sizes. Its premium PU coating is resistant and soft to the touch while its cotton padding is ideal for absorbing heavy strikes. The seam-reinforced hanger straps are strong and quiet. This heavy punching bag is suitable for all types of combat sports, from muay thai to boxing, including MMA or kickboxing.", "has_sizes": false, "price": "349.99", "rating": "4.40", "image_url": null, "image": "boxing-bag-190_CJS26f0.jpg"}}, {"model": "products.product", "pk": 5, "fields": {"category": 2, "sku": "0000102001", "name": "Mouthguard \"Challenger\"", "description": "Wherever there is intense training comes the need for intense protection.\r\nOur \"Challenger\" mouthguard is new and improved to provide you a perfect custom fit all while keeping you safe and making sure everything in your mouth stays in place.\r\nThe custom fit design helps prevent any injury and enhances your performance.\r\nThe lower rubber frame, absorbs the shock when you bite and diffuses it in the direction of your strongest teeth.\r\nMade with an advanced Nextfit gel frame for better comfort and added an exclusive breathing channel for a clear passageway of oxygen during training!", "has_sizes": false, "price": "14.99", "rating": "3.95", "image_url": null, "image": "mouthguard.jpg"}}, {"model": "checkout.order", "pk": 13, "fields": {"order_number": "65F34B3BD5E041CAA6184150753DEEFB", "user_profile": 1, "full_name": "Lukasz Pasich", "email": "aaa@aaa.com", "phone_number": "22222", "country": "IE", "postcode": "bbbbbb", "town_or_city": "Dublin", "street_address1": "5 bbbbb", "street_address2": null, "county": "Dublin", "date": "2021-11-27T20:22:19.250Z", "delivery_cost": "0.00", "order_total": "289.99", "grand_total": "289.99", "original_bag": "{\"2\": 1}", "stripe_pid": "pi_3K0XOGIAhela708T1vMm2eJb"}}, {"model": "checkout.order", "pk": 14, "fields": {"order_number": "A6B9F939723E49AA97B306EB2DFE5009", "user_profile": 1, "full_name": "Lukasz Pasich", "email": "lukas.zed81@gmail.com", "phone_number": "22222", "country": "IE", "postcode": "bbbbb", "town_or_city": "Dublin", "street_address1": "bbbbb", "street_address2": null, "county": "Dublin", "date": "2021-11-27T20:31:44.883Z", "delivery_cost": "0.00", "order_total": "1199.96", "grand_total": "1199.96", "original_bag": "{\"3\": 1, \"2\": 3}", "stripe_pid": "pi_3K0XX9IAhela708T1Eo2qdY7"}}, {"model": "checkout.order", "pk": 15, "fields": {"order_number": "4D3F58379B434554A7AD89516AF24FFF", "user_profile": 1, "full_name": "Lukasz Pasich", "email": "lukas.zed81@gmail.com", "phone_number": "Lukasz Pasich", "country": "IE", "postcode": "bbbbb", "town_or_city": "Dublin", "street_address1": "bbbbb", "street_address2": null, "county": "Dublin", "date": "2021-11-28T08:35:54.305Z", "delivery_cost": "0.00", "order_total": "1569.92", "grand_total": "1569.92", "original_bag": "{\"5\": 2, \"1\": 5, \"2\": 1}", "stripe_pid": "pi_3K0irKIAhela708T0ctqNGfM"}}, {"model": "checkout.order", "pk": 16, "fields": {"order_number": "84AA3A2225924546935F997B9C385C74", "user_profile": 1, "full_name": "Lukasz Pasich", "email": "lukas.zed81@gmail.com", "phone_number": "Lukasz Pasich", "country": "IE", "postcode": "bbbbb", "town_or_city": "Dublin", "street_address1": "bbbbb", "street_address2": null, "county": "Dublin", "date": "2021-11-28T09:26:59.204Z", "delivery_cost": "3.00", "order_total": "29.98", "grand_total": "32.98", "original_bag": "{\"5\": 2}", "stripe_pid": "pi_3K0jebIAhela708T1R3NyBBy"}}, {"model": "checkout.order", "pk": 17, "fields": {"order_number": "0E090D7772114B7F8871221893DDB262", "user_profile": 1, "full_name": "Lukasz Pasich", "email": "lukas.zed81@gmail.com", "phone_number": "Lukasz Pasich", "country": "IE", "postcode": "bbbbb", "town_or_city": "Dublin", "street_address1": "bbbbb", "street_address2": null, "county": "Dublin", "date": "2021-11-28T09:36:43.425Z", "delivery_cost": "0.00", "order_total": "249.99", "grand_total": "249.99", "original_bag": "{\"1\": 1}", "stripe_pid": "pi_3K0joAIAhela708T0u8xGcEc"}}, {"model": "checkout.order", "pk": 18, "fields": {"order_number": "7A47D3B9320845C99A6B5545D60CC5E2", "user_profile": 1, "full_name": "Lukasz Pasich", "email": "lukas.zed81@gmail.com", "phone_number": "Lukasz Pasich", "country": "IE", "postcode": "bbbbb", "town_or_city": "Dublin", "street_address1": "bbbbb", "street_address2": null, "county": "Dublin", "date": "2021-11-28T10:01:49.342Z", "delivery_cost": "0.00", "order_total": "499.98", "grand_total": "499.98", "original_bag": "{\"1\": 2}", "stripe_pid": "pi_3K0kCSIAhela708T1UPAYM0e"}}, {"model": "checkout.orderlineitem", "pk": 24, "fields": {"order": 13, "product": 2, "quantity": 1, "lineitem_total": "289.99"}}, {"model": "checkout.orderlineitem", "pk": 25, "fields": {"order": 14, "product": 3, "quantity": 1, "lineitem_total": "329.99"}}, {"model": "checkout.orderlineitem", "pk": 26, "fields": {"order": 14, "product": 2, "quantity": 3, "lineitem_total": "869.97"}}, {"model": "checkout.orderlineitem", "pk": 27, "fields": {"order": 15, "product": 5, "quantity": 2, "lineitem_total": "29.98"}}, {"model": "checkout.orderlineitem", "pk": 28, "fields": {"order": 15, "product": 1, "quantity": 5, "lineitem_total": "1249.95"}}, {"model": "checkout.orderlineitem", "pk": 29, "fields": {"order": 15, "product": 2, "quantity": 1, "lineitem_total": "289.99"}}, {"model": "checkout.orderlineitem", "pk": 30, "fields": {"order": 16, "product": 5, "quantity": 2, "lineitem_total": "29.98"}}, {"model": "checkout.orderlineitem", "pk": 31, "fields": {"order": 17, "product": 1, "quantity": 1, "lineitem_total": "249.99"}}, {"model": "checkout.orderlineitem", "pk": 32, "fields": {"order": 18, "product": 1, "quantity": 2, "lineitem_total": "499.98"}}, {"model": "profiles.userprofile", "pk": 1, "fields": {"user": 1, "default_phone_number": "Lukasz Pasich", "default_street_address1": "bbbbb", "default_street_address2": null, "default_town_or_city": "Dublin", "default_county": "Dublin", "default_postcode": "bbbbb", "default_country": "IE"}}, {"model": "profiles.userprofile", "pk": 2, "fields": {"user": 2, "default_phone_number": null, "default_street_address1": null, "default_street_address2": null, "default_town_or_city": null, "default_county": null, "default_postcode": null, "default_country": null}}]